{
  "hash": "f59db11b",
  "configHash": "3d786a67",
  "lockfileHash": "fbf6c1ce",
  "browserHash": "953cdfeb",
  "optimized": {
    "@angular/core": {
      "src": "../../../../../../node_modules/@angular/core/fesm2022/core.mjs",
      "file": "@angular_core.js",
      "fileHash": "56f74ffa",
      "needsInterop": false
    },
    "@angular/platform-browser": {
      "src": "../../../../../../node_modules/@angular/platform-browser/fesm2022/platform-browser.mjs",
      "file": "@angular_platform-browser.js",
      "fileHash": "a316a626",
      "needsInterop": false
    },
    "@angular/router": {
      "src": "../../../../../../node_modules/@angular/router/fesm2022/router.mjs",
      "file": "@angular_router.js",
      "fileHash": "c1e4f173",
      "needsInterop": false
    }
  },
  "chunks": {
    "chunk-DDSXTL3A": {
      "file": "chunk-DDSXTL3A.js"
    },
    "chunk-GZKEX4RU": {
      "file": "chunk-GZKEX4RU.js"
    }
  }
}